StartDate,EndDate,Status,IPAddress,Progress,Duration (in seconds),Finished,RecordedDate,ResponseId,RecipientLastName,RecipientFirstName,RecipientEmail,ExternalReference,LocationLatitude,LocationLongitude,DistributionChannel,Q7,Q8_1,Q8_2,Q19_1,Q19_2,Q19_3,Q19_4,Q19_5,Q19_6,Q19_7,Q19_8,Q19_9,Q19_10,Q19_11,Q19_12,Q19_13,Q11,Q12_1,Q12_2,Q20_1,Q20_2,Q20_3,Q20_4,Q20_5,Q20_6,Q20_7,Q20_8,Q20_9,Q20_10,Q20_11,Q20_12,Q20_13,Q13,Q14_1,Q14_2,Q22_1,Q22_2,Q22_3,Q22_4,Q22_5,Q22_6,Q22_7,Q22_8,Q22_9,Q22_10,Q22_11,Q22_12,Q22_13,Q15,Q16_1,Q16_2,Q23_1,Q23_2,Q23_3,Q23_4,Q23_5,Q23_6,Q23_7,Q23_8,Q23_9,Q23_10,Q23_11,Q23_12,Q23_13,Q17,Q18_1,Q18_2,Q24_1,Q24_2,Q24_3,Q24_4,Q24_5,Q24_6,Q24_7,Q24_8,Q24_9,Q24_10,Q24_11,Q24_12,Q24_13,Q14,Q13,Q12,mTurkCode
Start Date,End Date,Response Type,IP Address,Progress,Duration (in seconds),Finished,Recorded Date,Response ID,Recipient Last Name,Recipient First Name,Recipient Email,External Data Reference,Location Latitude,Location Longitude,Distribution Channel,"Please read the descriptions of the two potential welfare applicants carefully. Then, please indicate which of the two applicants you would personally prefer to see admitted to a welfare program.
Scenario 1 out of 5   

 
  
  
  
 
 
  
   

   Applicant 1
   Applicant 2
  
  
   

   

   

  
  
   

   

   

  
  
   

   

   

  
  
   

   

   

  
  
   

   

   

  
  
   

   

   

  
 





// Start of JavaScript
// Define the Dimensions

var attRaw = [""Age"", ""Gender"",
""Race"", ""Education Level"", ""Employment Status"", ""Household Information""];

var att = [""Age"", ""Gender"",
""Race"", ""Education Level"", ""Employment Status"", ""Household Information""];

var attributes = ["""","""","""","""","""",""""];

for (i=0; i",Applicant 1,Applicant 2,age1,gender1,race1,education1,employment1,household1,age2,gender2,race2,education2,employment2,household2,order12,"Please read the descriptions of the two potential welfare applicants carefully. Then, please indicate which of the two applicants you would personally prefer to see admitted to a welfare program.
Scenario 2 out of 5   

 
  
  
  
 
 
  
   

   Applicant 3
   Applicant 4
  
  
   

   

   

  
  
   

   

   

  
  
   

   

   

  
  
   

   

   

  
  
   

   

   

  
  
   

   

   

  
 





// Start of JavaScript
// Define the Dimensions

var attRaw = [""Age"", ""Gender"",
""Race"", ""Education Level"", ""Employment Status"", ""Household Information""];

var att = [""Age"", ""Gender"",
""Race"", ""Education Level"", ""Employment Status"", ""Household Information""];

var attributes = ["""","""","""","""","""",""""];

for (i=0; i",Applicant 3,Applicant 4,age3,gender3,race3,education3,employment3,household3,age4,gender4,race4,education4,employment4,household4,order34,"Please read the descriptions of the two potential welfare applicants carefully. Then, please indicate which of the two applicants you would personally prefer to see admitted to a welfare program.
Scenario 3 out of 5   

 
  
  
  
 
 
  
   

   Applicant 5
   Applicant 6
  
  
   

   

   

  
  
   

   

   

  
  
   

   

   

  
  
   

   

   

  
  
   

   

   

  
  
   

   

   

  
 





// Start of JavaScript
// Define the Dimensions

var attRaw = [""Age"", ""Gender"",
""Race"", ""Education Level"", ""Employment Status"", ""Household Information""];

var att = [""Age"", ""Gender"",
""Race"", ""Education Level"", ""Employment Status"", ""Household Information""];

var attributes = ["""","""","""","""","""",""""];

for (i=0; i",Applicant 5,Applicant 6,age5,gender5,race5,education5,employment5,household5,age6,gender6,race6,education6,employment6,household6,order56,"Please read the descriptions of the two potential welfare applicants carefully. Then, please indicate which of the two applicants you would personally prefer to see admitted to a welfare program.
Scenario 4 out of 5   

 
  
  
  
 
 
  
   

   Applicant 7
   Applicant 8
  
  
   

   

   

  
  
   

   

   

  
  
   

   

   

  
  
   

   

   

  
  
   

   

   

  
  
   

   

   

  
 





// Start of JavaScript
// Define the Dimensions

var attRaw = [""Age"", ""Gender"",
""Race"", ""Education Level"", ""Employment Status"", ""Household Information""];

var att = [""Age"", ""Gender"",
""Race"", ""Education Level"", ""Employment Status"", ""Household Information""];

var attributes = ["""","""","""","""","""",""""];

for (i=0; i",Applicant 7,Applicant 8,age7,gender7,race7,education7,employment7,household7,age8,gender8,race8,education8,employment8,household8,order78,"Please read the descriptions of the two potential welfare applicants carefully. Then, please indicate which of the two applicants you would personally prefer to see admitted to a welfare program.
Scenario 5 out of 5   

 
  
  
  
 
 
  
   

   Applicant 9
   Applicant 10
  
  
   

   

   

  
  
   

   

   

  
  
   

   

   

  
  
   

   

   

  
  
   

   

   

  
  
   

   

   

  
 





// Start of JavaScript
// Define the Dimensions

var attRaw = [""Age"", ""Gender"",
""Race"", ""Education Level"", ""Employment Status"", ""Household Information""];

var att = [""Age"", ""Gender"",
""Race"", ""Education Level"", ""Employment Status"", ""Household Information""];

var attributes = ["""","""","""","""","""",""""];

for (i=0; i",Applicant 9,Applicant 10,age9,gender9,race9,education9,employment9,household9,age10,gender10,race10,education10,employment10,household10,order910,What is your age?,What is your gender?,"Generally speaking, do you usually think of yourself as a Republican, a Democrat, and Independent, or something else?",mTurkCode
"{""ImportId"":""startDate""}","{""ImportId"":""endDate""}","{""ImportId"":""status""}","{""ImportId"":""ipAddress""}","{""ImportId"":""progress""}","{""ImportId"":""duration""}","{""ImportId"":""finished""}","{""ImportId"":""recordedDate""}","{""ImportId"":""_recordId""}","{""ImportId"":""recipientLastName""}","{""ImportId"":""recipientFirstName""}","{""ImportId"":""recipientEmail""}","{""ImportId"":""externalDataReference""}","{""ImportId"":""locationLatitude""}","{""ImportId"":""locationLongitude""}","{""ImportId"":""distributionChannel""}","{""ImportId"":""QID7""}","{""ImportId"":""QID8_1""}","{""ImportId"":""QID8_2""}","{""ImportId"":""QID26_1""}","{""ImportId"":""QID26_2""}","{""ImportId"":""QID26_3""}","{""ImportId"":""QID26_4""}","{""ImportId"":""QID26_5""}","{""ImportId"":""QID26_6""}","{""ImportId"":""QID26_7""}","{""ImportId"":""QID26_8""}","{""ImportId"":""QID26_9""}","{""ImportId"":""QID26_10""}","{""ImportId"":""QID26_11""}","{""ImportId"":""QID26_12""}","{""ImportId"":""QID26_13""}","{""ImportId"":""QID11""}","{""ImportId"":""QID12_1""}","{""ImportId"":""QID12_2""}","{""ImportId"":""QID27_1""}","{""ImportId"":""QID27_2""}","{""ImportId"":""QID27_3""}","{""ImportId"":""QID27_4""}","{""ImportId"":""QID27_5""}","{""ImportId"":""QID27_6""}","{""ImportId"":""QID27_7""}","{""ImportId"":""QID27_8""}","{""ImportId"":""QID27_9""}","{""ImportId"":""QID27_10""}","{""ImportId"":""QID27_11""}","{""ImportId"":""QID27_12""}","{""ImportId"":""QID27_13""}","{""ImportId"":""QID13""}","{""ImportId"":""QID14_1""}","{""ImportId"":""QID14_2""}","{""ImportId"":""QID29_1""}","{""ImportId"":""QID29_2""}","{""ImportId"":""QID29_3""}","{""ImportId"":""QID29_4""}","{""ImportId"":""QID29_5""}","{""ImportId"":""QID29_6""}","{""ImportId"":""QID29_7""}","{""ImportId"":""QID29_8""}","{""ImportId"":""QID29_9""}","{""ImportId"":""QID29_10""}","{""ImportId"":""QID29_11""}","{""ImportId"":""QID29_12""}","{""ImportId"":""QID29_13""}","{""ImportId"":""QID15""}","{""ImportId"":""QID16_1""}","{""ImportId"":""QID16_2""}","{""ImportId"":""QID30_1""}","{""ImportId"":""QID30_2""}","{""ImportId"":""QID30_3""}","{""ImportId"":""QID30_4""}","{""ImportId"":""QID30_5""}","{""ImportId"":""QID30_6""}","{""ImportId"":""QID30_7""}","{""ImportId"":""QID30_8""}","{""ImportId"":""QID30_9""}","{""ImportId"":""QID30_10""}","{""ImportId"":""QID30_11""}","{""ImportId"":""QID30_12""}","{""ImportId"":""QID30_13""}","{""ImportId"":""QID17""}","{""ImportId"":""QID18_1""}","{""ImportId"":""QID18_2""}","{""ImportId"":""QID31_1""}","{""ImportId"":""QID31_2""}","{""ImportId"":""QID31_3""}","{""ImportId"":""QID31_4""}","{""ImportId"":""QID31_5""}","{""ImportId"":""QID31_6""}","{""ImportId"":""QID31_7""}","{""ImportId"":""QID31_8""}","{""ImportId"":""QID31_9""}","{""ImportId"":""QID31_10""}","{""ImportId"":""QID31_11""}","{""ImportId"":""QID31_12""}","{""ImportId"":""QID31_13""}","{""ImportId"":""QID21_TEXT""}","{""ImportId"":""QID20""}","{""ImportId"":""QID19""}","{""ImportId"":""mTurkCode""}"
2016-12-11 03:41:48,2016-12-11 03:43:54,IP Address,62.90.181.150,100,126,True,2016-12-11 03:43:56,R_3OeK9uAwqkd5iV1,,,,,32.066604614258,34.764999389648,anonymous,Applicant 1,4,4,30-39,Female,Hispanic/Latino/Spanish Origin,High school graduate,Unemployed - seeking employment,Not married - has children,30-39,Female,Black/African American,High school graduate,Employed,Married - has children,"Household Information,Gender,Employment Status,Race,Education Level,Age",Applicant 3,5,4,30-39,Female,Hispanic/Latino/Spanish Origin,College graduate,Unemployed - seeking employment,Married - no children,20-29,Female,Hispanic/Latino/Spanish Origin,Some college,Employed,Married - no children,"Education Level,Household Information,Gender,Employment Status,Race,Age",Applicant 6,4,5,20-29,Female,Black/African American,Some college,Unemployed - not seeking employment,Married - has children,40+,Female,Black/African American,College graduate,Unemployed - not seeking employment,Married - has children,"Age,Household Information,Gender,Employment Status,Race,Education Level",Applicant 8,3,4,18-19,Female,Hispanic/Latino/Spanish Origin,Some college,Unemployed - seeking employment,Not married - has children,20-29,Male,White,College graduate,Employed,Married - no children,"Age,Education Level,Household Information,Race,Employment Status,Gender",Applicant 10,3,2,20-29,Male,Black/African American,High school graduate,Unemployed - seeking employment,Not married - has children,18-19,Male,Hispanic/Latino/Spanish Origin,College graduate,Unemployed - seeking employment,Not married - has children,"Race,Employment Status,Education Level,Age,Household Information,Gender",43,Male,Independent,727
2016-12-11 03:41:47,2016-12-11 03:44:27,IP Address,108.169.161.66,100,160,True,2016-12-11 03:44:29,R_9vFDD3uCHq3Id7r,,,,,40.015502929688,-82.917701721191,anonymous,Applicant 1,6,5,20-29,Female,Hispanic/Latino/Spanish Origin,Some college,Employed,Married - has children,40+,Female,Hispanic/Latino/Spanish Origin,Some college,Unemployed - not seeking employment,Not married - has children,"Gender,Household Information,Education Level,Age,Employment Status,Race",Applicant 3,6,5,40+,Female,Hispanic/Latino/Spanish Origin,High school graduate,Unemployed - seeking employment,Married - no children,30-39,Male,White,High school graduate,Employed,Married - no children,"Employment Status,Race,Education Level,Age,Gender,Household Information",Applicant 6,7 - Definitely Admit,7 - Definitely Admit,18-19,Male,Black/African American,Some college,Unemployed - seeking employment,Married - has children,30-39,Female,Black/African American,College graduate,Unemployed - seeking employment,Married - has children,"Age,Education Level,Household Information,Gender,Race,Employment Status",Applicant 7,7 - Definitely Admit,7 - Definitely Admit,18-19,Male,Hispanic/Latino/Spanish Origin,Some college,Unemployed - not seeking employment,Not married - has children,20-29,Male,Black/African American,College graduate,Unemployed - not seeking employment,Lives alone,"Household Information,Education Level,Employment Status,Gender,Age,Race",Applicant 9,7 - Definitely Admit,6,18-19,Male,White,High school graduate,Unemployed - seeking employment,Not married - has children,30-39,Female,Hispanic/Latino/Spanish Origin,Graduate or professional degree,Unemployed - seeking employment,Married - no children,"Gender,Household Information,Employment Status,Education Level,Race,Age",31,Male,Democrat,370
2016-12-11 03:42:33,2016-12-11 03:47:11,IP Address,73.40.79.199,100,277,True,2016-12-11 03:47:12,R_3EWHljCanV7SkiL,,,,,37.705200195312,-77.819999694824,anonymous,Applicant 2,5,6,18-19,Male,White,College graduate,Unemployed - seeking employment,Not married - has children,20-29,Male,White,High school graduate,Unemployed - seeking employment,Married - has children,"Race,Employment Status,Gender,Household Information,Age,Education Level",Applicant 3,5,4,30-39,Male,White,Some college,Unemployed - not seeking employment,Not married - has children,40+,Male,Black/African American,Graduate or professional degree,Unemployed - not seeking employment,Married - no children,"Employment Status,Education Level,Race,Gender,Age,Household Information",Applicant 6,4,6,20-29,Female,Hispanic/Latino/Spanish Origin,High school graduate,Employed,Lives alone,18-19,Female,Black/African American,High school graduate,Unemployed - seeking employment,Not married - has children,"Employment Status,Household Information,Age,Race,Education Level,Gender",Applicant 8,3,6,18-19,Female,White,Graduate or professional degree,Unemployed - not seeking employment,Married - no children,40+,Female,Hispanic/Latino/Spanish Origin,Some college,Unemployed - seeking employment,Lives alone,"Household Information,Employment Status,Gender,Age,Race,Education Level",Applicant 9,6,4,30-39,Male,Black/African American,Some college,Unemployed - seeking employment,Married - has children,30-39,Male,Hispanic/Latino/Spanish Origin,Some college,Employed,Lives alone,"Race,Gender,Age,Employment Status,Education Level,Household Information",31,Male,Democrat,859
2016-12-11 03:45:09,2016-12-11 03:47:18,IP Address,100.8.249.176,100,128,True,2016-12-11 03:47:19,R_3JC2uuO62P9Jymn,,,,,40.846099853516,-73.99520111084,anonymous,Applicant 2,1 - Absolutely Not Admit,7 - Definitely Admit,40+,Female,White,College graduate,Employed,Married - has children,30-39,Female,White,College graduate,Unemployed - not seeking employment,Lives alone,"Race,Education Level,Employment Status,Age,Gender,Household Information",Applicant 3,7 - Definitely Admit,5,20-29,Male,Hispanic/Latino/Spanish Origin,High school graduate,Unemployed - seeking employment,Married - no children,20-29,Female,White,Graduate or professional degree,Employed,Lives alone,"Household Information,Race,Gender,Employment Status,Education Level,Age",Applicant 6,1 - Absolutely Not Admit,7 - Definitely Admit,20-29,Female,White,High school graduate,Unemployed - not seeking employment,Not married - has children,30-39,Female,Black/African American,College graduate,Employed,Lives alone,"Employment Status,Household Information,Race,Gender,Age,Education Level",Applicant 8,6,7 - Definitely Admit,30-39,Female,White,College graduate,Employed,Married - has children,20-29,Female,White,High school graduate,Unemployed - seeking employment,Married - has children,"Household Information,Race,Education Level,Age,Employment Status,Gender",Applicant 10,1 -Absolutely Not Admit,4,18-19,Female,Hispanic/Latino/Spanish Origin,Some college,Unemployed - not seeking employment,Lives alone,40+,Female,White,Graduate or professional degree,Employed,Married - no children,"Age,Household Information,Gender,Employment Status,Race,Education Level",36,Male,Independent,57
2016-12-11 03:45:05,2016-12-11 03:48:07,IP Address,148.74.71.8,100,181,True,2016-12-11 03:48:08,R_3kwgAffjBhENqPi,,,,,40.627807617188,-73.36499786377,anonymous,Applicant 2,3,4,40+,Male,Hispanic/Latino/Spanish Origin,College graduate,Employed,Lives alone,30-39,Female,Black/African American,College graduate,Employed,Not married - has children,"Employment Status,Gender,Race,Household Information,Education Level,Age",Applicant 4,2,2,30-39,Male,Hispanic/Latino/Spanish Origin,Some college,Unemployed - not seeking employment,Lives alone,40+,Female,White,College graduate,Unemployed - not seeking employment,Married - has children,"Gender,Employment Status,Education Level,Race,Age,Household Information",Applicant 6,3,2,30-39,Female,Black/African American,High school graduate,Unemployed - seeking employment,Married - has children,18-19,Female,Hispanic/Latino/Spanish Origin,Graduate or professional degree,Employed,Lives alone,"Employment Status,Household Information,Gender,Education Level,Race,Age",Applicant 8,2,3,40+,Male,White,Some college,Unemployed - not seeking employment,Married - no children,30-39,Female,White,Graduate or professional degree,Unemployed - not seeking employment,Married - has children,"Education Level,Employment Status,Gender,Household Information,Age,Race",Applicant 10,2,3,30-39,Female,White,Graduate or professional degree,Unemployed - not seeking employment,Not married - has children,40+,Female,White,Graduate or professional degree,Employed,Lives alone,"Household Information,Age,Gender,Employment Status,Race,Education Level",39,Male,Independent,796
2016-12-11 03:49:05,2016-12-11 03:51:30,IP Address,173.127.181.216,100,144,True,2016-12-11 03:51:32,R_2xVtEF1P4ttiEs5,,,,,39.019897460938,-94.46410369873,anonymous,Applicant 1,4,4,20-29,Female,White,College graduate,Unemployed - not seeking employment,Married - has children,40+,Male,White,Graduate or professional degree,Unemployed - not seeking employment,Lives alone,"Age,Education Level,Employment Status,Race,Household Information,Gender",Applicant 3,4,4,20-29,Male,White,College graduate,Unemployed - not seeking employment,Not married - has children,40+,Male,Black/African American,High school graduate,Unemployed - not seeking employment,Married - no children,"Gender,Education Level,Age,Household Information,Employment Status,Race",Applicant 6,5,5,40+,Male,Black/African American,Graduate or professional degree,Employed,Married - no children,18-19,Male,Black/African American,College graduate,Employed,Lives alone,"Employment Status,Race,Age,Education Level,Household Information,Gender",Applicant 7,4,4,30-39,Male,Black/African American,College graduate,Unemployed - seeking employment,Not married - has children,18-19,Male,White,Graduate or professional degree,Unemployed - not seeking employment,Lives alone,"Age,Gender,Employment Status,Race,Household Information,Education Level",Applicant 9,4,4,18-19,Male,Black/African American,College graduate,Unemployed - seeking employment,Married - no children,18-19,Male,White,College graduate,Employed,Not married - has children,"Age,Race,Household Information,Education Level,Gender,Employment Status",26,Female,Democrat,812
2016-12-11 03:49:59,2016-12-11 03:53:53,IP Address,107.77.160.55,100,234,True,2016-12-11 03:53:53,R_2ugctJ8SE79SvVX,,,,,35.227096557617,-80.843101501465,anonymous,Applicant 2,4,7 - Definitely Admit,40+,Female,Hispanic/Latino/Spanish Origin,College graduate,Employed,Lives alone,18-19,Male,White,College graduate,Unemployed - seeking employment,Married - has children,"Education Level,Race,Gender,Age,Employment Status,Household Information",Applicant 4,3,7 - Definitely Admit,18-19,Male,Hispanic/Latino/Spanish Origin,Some college,Employed,Married - has children,18-19,Female,Hispanic/Latino/Spanish Origin,High school graduate,Unemployed - not seeking employment,Married - has children,"Education Level,Race,Gender,Employment Status,Age,Household Information",Applicant 6,3,3,18-19,Male,Black/African American,High school graduate,Unemployed - not seeking employment,Married - no children,40+,Female,Hispanic/Latino/Spanish Origin,College graduate,Unemployed - not seeking employment,Married - has children,"Employment Status,Gender,Age,Household Information,Race,Education Level",Applicant 7,2,2,40+,Male,Black/African American,College graduate,Employed,Married - no children,20-29,Female,Black/African American,College graduate,Unemployed - not seeking employment,Married - no children,"Education Level,Gender,Household Information,Age,Race,Employment Status",Applicant 10,2,2,18-19,Male,Black/African American,Graduate or professional degree,Unemployed - not seeking employment,Not married - has children,18-19,Female,Black/African American,College graduate,Unemployed - not seeking employment,Married - has children,"Race,Employment Status,Household Information,Age,Education Level,Gender",25,Female,Independent,238
2016-12-11 03:53:40,2016-12-11 03:57:11,IP Address,188.0.66.84,100,210,True,2016-12-11 03:57:13,R_3G2FAWHMbB0EVTR,,,,,50.449996948242,30.523300170898,anonymous,Applicant 1,5,3,18-19,Male,White,Some college,Unemployed - not seeking employment,Married - has children,18-19,Female,Hispanic/Latino/Spanish Origin,Some college,Unemployed - seeking employment,Lives alone,"Employment Status,Race,Household Information,Gender,Education Level,Age",Applicant 3,5,3,18-19,Male,Hispanic/Latino/Spanish Origin,College graduate,Employed,Married - no children,18-19,Female,Black/African American,Some college,Employed,Lives alone,"Education Level,Race,Employment Status,Household Information,Age,Gender",,6,3,40+,Female,White,College graduate,Unemployed - seeking employment,Married - has children,40+,Male,Hispanic/Latino/Spanish Origin,High school graduate,Employed,Lives alone,"Household Information,Race,Gender,Education Level,Employment Status,Age",,3,5,30-39,Female,Black/African American,College graduate,Unemployed - not seeking employment,Not married - has children,40+,Male,Hispanic/Latino/Spanish Origin,Graduate or professional degree,Unemployed - not seeking employment,Not married - has children,"Education Level,Race,Household Information,Age,Employment Status,Gender",,3,5,30-39,Male,Black/African American,College graduate,Unemployed - seeking employment,Lives alone,40+,Male,White,College graduate,Unemployed - not seeking employment,Married - has children,"Education Level,Household Information,Race,Employment Status,Age,Gender",29,Male,Republican,141
2016-12-11 03:53:47,2016-12-11 03:57:46,IP Address,199.188.177.140,100,238,True,2016-12-11 03:57:47,R_3KvaJ8ECSqwkAAF,,,,,44.480606079102,-72.717697143555,anonymous,Applicant 1,7 - Definitely Admit,3,20-29,Male,White,Graduate or professional degree,Employed,Married - has children,40+,Female,Hispanic/Latino/Spanish Origin,Graduate or professional degree,Unemployed - seeking employment,Lives alone,"Race,Household Information,Age,Employment Status,Education Level,Gender",Applicant 3,7 - Definitely Admit,4,20-29,Male,Black/African American,College graduate,Unemployed - seeking employment,Married - no children,20-29,Female,Hispanic/Latino/Spanish Origin,Graduate or professional degree,Unemployed - not seeking employment,Married - has children,"Household Information,Education Level,Employment Status,Age,Gender,Race",Applicant 5,5,4,40+,Male,White,Graduate or professional degree,Employed,Lives alone,30-39,Male,Black/African American,High school graduate,Unemployed - not seeking employment,Not married - has children,"Employment Status,Age,Education Level,Household Information,Race,Gender",Applicant 8,4,7 - Definitely Admit,30-39,Male,Black/African American,College graduate,Unemployed - seeking employment,Married - no children,30-39,Male,Hispanic/Latino/Spanish Origin,College graduate,Unemployed - seeking employment,Not married - has children,"Gender,Education Level,Age,Household Information,Race,Employment Status",Applicant 9,6,3,18-19,Male,Hispanic/Latino/Spanish Origin,Some college,Unemployed - seeking employment,Married - no children,30-39,Male,White,College graduate,Unemployed - not seeking employment,Not married - has children,"Race,Household Information,Age,Gender,Education Level,Employment Status",34,Male,Republican,650
2016-12-11 03:58:26,2016-12-11 04:02:18,IP Address,24.140.16.94,100,231,True,2016-12-11 04:02:20,R_3DbU3mj9ogMdENg,,,,,40.818206787109,-81.491798400879,anonymous,Applicant 1,7 - Definitely Admit,6,40+,Female,Black/African American,Graduate or professional degree,Unemployed - not seeking employment,Not married - has children,30-39,Female,White,High school graduate,Employed,Married - no children,"Race,Education Level,Gender,Household Information,Employment Status,Age",Applicant 3,4,6,30-39,Male,White,Some college,Employed,Not married - has children,30-39,Male,White,High school graduate,Unemployed - seeking employment,Not married - has children,"Household Information,Gender,Employment Status,Education Level,Age,Race",Applicant 6,5,3,18-19,Female,Black/African American,Some college,Employed,Married - no children,20-29,Male,Hispanic/Latino/Spanish Origin,Graduate or professional degree,Unemployed - seeking employment,Married - no children,"Education Level,Household Information,Gender,Age,Race,Employment Status",Applicant 8,6,5,30-39,Male,Black/African American,High school graduate,Employed,Married - has children,20-29,Female,Black/African American,Graduate or professional degree,Employed,Not married - has children,"Employment Status,Gender,Household Information,Education Level,Race,Age",Applicant 10,7 - Definitely Admit,5,18-19,Female,Black/African American,Graduate or professional degree,Employed,Lives alone,30-39,Female,Black/African American,College graduate,Unemployed - seeking employment,Not married - has children,"Education Level,Household Information,Race,Employment Status,Age,Gender",65,Female,Democrat,507
2016-12-11 04:00:18,2016-12-11 04:05:07,IP Address,173.71.196.124,100,289,True,2016-12-11 04:05:09,R_3ekNnt77VxqUWyi,,,,,38.320495605469,-77.41130065918,anonymous,Applicant 1,4,2,30-39,Female,Hispanic/Latino/Spanish Origin,Graduate or professional degree,Employed,Lives alone,20-29,Male,Hispanic/Latino/Spanish Origin,Graduate or professional degree,Unemployed - not seeking employment,Not married - has children,"Gender,Age,Education Level,Household Information,Race,Employment Status",Applicant 4,2,4,40+,Female,White,Graduate or professional degree,Unemployed - not seeking employment,Not married - has children,40+,Female,Hispanic/Latino/Spanish Origin,High school graduate,Unemployed - not seeking employment,Not married - has children,"Gender,Age,Education Level,Race,Employment Status,Household Information",Applicant 6,2,5,20-29,Male,Black/African American,College graduate,Employed,Married - no children,18-19,Male,Black/African American,Some college,Employed,Married - no children,"Household Information,Employment Status,Race,Age,Gender,Education Level",Applicant 7,5,2,20-29,Female,Hispanic/Latino/Spanish Origin,High school graduate,Unemployed - seeking employment,Lives alone,40+,Male,Hispanic/Latino/Spanish Origin,Graduate or professional degree,Employed,Not married - has children,"Education Level,Gender,Race,Household Information,Age,Employment Status",Applicant 10,2,5,30-39,Male,Black/African American,High school graduate,Employed,Lives alone,40+,Female,Black/African American,Graduate or professional degree,Unemployed - seeking employment,Lives alone,"Gender,Age,Employment Status,Race,Education Level,Household Information",35,Male,Democrat,12
2016-12-11 04:03:31,2016-12-11 04:07:02,IP Address,79.202.251.79,100,211,True,2016-12-11 04:07:04,R_vPN7URiDkI3gs0N,,,,,50.416702270508,8.0332946777344,anonymous,Applicant 1,5,3,18-19,Female,Hispanic/Latino/Spanish Origin,Some college,Unemployed - seeking employment,Not married - has children,20-29,Female,Black/African American,College graduate,Employed,Lives alone,"Race,Education Level,Employment Status,Gender,Age,Household Information",Applicant 4,3,5,18-19,Female,Black/African American,College graduate,Unemployed - not seeking employment,Lives alone,30-39,Male,Hispanic/Latino/Spanish Origin,High school graduate,Unemployed - seeking employment,Not married - has children,"Education Level,Gender,Employment Status,Household Information,Age,Race",Applicant 5,4,1 - Absolutely Not Admit,40+,Female,Black/African American,Graduate or professional degree,Unemployed - not seeking employment,Married - has children,40+,Male,Black/African American,College graduate,Unemployed - not seeking employment,Married - has children,"Gender,Education Level,Household Information,Employment Status,Race,Age",Applicant 8,2,5,40+,Male,Black/African American,Graduate or professional degree,Employed,Lives alone,40+,Female,Hispanic/Latino/Spanish Origin,Some college,Unemployed - seeking employment,Married - no children,"Household Information,Employment Status,Age,Education Level,Race,Gender",Applicant 10,2,5,40+,Female,Hispanic/Latino/Spanish Origin,Graduate or professional degree,Employed,Lives alone,18-19,Male,White,High school graduate,Employed,Not married - has children,"Race,Employment Status,Household Information,Education Level,Age,Gender",26,Male,Independent,459
2016-12-11 04:05:53,2016-12-11 04:07:35,IP Address,68.174.207.183,100,101,True,2016-12-11 04:07:37,R_3oRWMNipbsO6Fmv,,,,,40.751693725586,-73.883201599121,anonymous,Applicant 1,4,4,18-19,Male,White,Some college,Employed,Lives alone,18-19,Male,Hispanic/Latino/Spanish Origin,Some college,Employed,Married - no children,"Race,Education Level,Employment Status,Gender,Age,Household Information",Applicant 3,4,4,30-39,Male,Hispanic/Latino/Spanish Origin,Graduate or professional degree,Unemployed - seeking employment,Married - no children,40+,Female,Black/African American,Some college,Employed,Not married - has children,"Race,Education Level,Gender,Age,Employment Status,Household Information",Applicant 5,4,2,30-39,Male,Black/African American,Graduate or professional degree,Employed,Lives alone,18-19,Female,Hispanic/Latino/Spanish Origin,College graduate,Unemployed - not seeking employment,Married - has children,"Gender,Age,Race,Household Information,Employment Status,Education Level",Applicant 7,4,4,40+,Female,Hispanic/Latino/Spanish Origin,Some college,Unemployed - seeking employment,Married - has children,18-19,Male,White,College graduate,Employed,Married - no children,"Education Level,Employment Status,Age,Gender,Household Information,Race",Applicant 10,2,4,18-19,Male,White,Graduate or professional degree,Unemployed - not seeking employment,Married - no children,30-39,Male,Black/African American,Graduate or professional degree,Unemployed - seeking employment,Not married - has children,"Employment Status,Age,Household Information,Race,Education Level,Gender",31,Male,Independent,154
2016-12-11 04:05:07,2016-12-11 04:11:24,IP Address,24.154.176.123,100,377,True,2016-12-11 04:11:25,R_3h3IBdJ1pHigjxy,,,,,40.914001464844,-79.931999206543,anonymous,Applicant 1,7 - Definitely Admit,1 - Absolutely Not Admit,40+,Female,Hispanic/Latino/Spanish Origin,Some college,Unemployed - not seeking employment,Married - no children,18-19,Male,White,College graduate,Unemployed - seeking employment,Married - no children,"Household Information,Race,Age,Education Level,Gender,Employment Status",Applicant 4,7 - Definitely Admit,2,40+,Male,Hispanic/Latino/Spanish Origin,Graduate or professional degree,Employed,Married - has children,18-19,Male,Black/African American,High school graduate,Unemployed - not seeking employment,Married - has children,"Race,Employment Status,Gender,Age,Household Information,Education Level",,6,2,30-39,Female,Black/African American,College graduate,Unemployed - not seeking employment,Not married - has children,40+,Male,White,High school graduate,Unemployed - not seeking employment,Lives alone,"Employment Status,Age,Household Information,Education Level,Race,Gender",,6,2,30-39,Female,Hispanic/Latino/Spanish Origin,College graduate,Unemployed - seeking employment,Lives alone,18-19,Male,Black/African American,Some college,Unemployed - seeking employment,Married - no children,"Household Information,Gender,Race,Age,Education Level,Employment Status",,6,2,18-19,Male,Black/African American,Some college,Unemployed - not seeking employment,Not married - has children,30-39,Male,White,Graduate or professional degree,Unemployed - seeking employment,Married - no children,"Gender,Race,Employment Status,Education Level,Age,Household Information",64,Female,Republican,608
2016-12-11 04:11:01,2016-12-11 04:13:29,IP Address,75.115.131.189,100,147,True,2016-12-11 04:13:30,R_2Yfihdluor1zhQ0,,,,,28.090698242188,-82.451499938965,anonymous,Applicant 1,6,3,40+,Male,White,Some college,Employed,Not married - has children,18-19,Female,White,Some college,Employed,Married - no children,"Household Information,Gender,Education Level,Employment Status,Race,Age",Applicant 3,4,3,30-39,Female,White,College graduate,Unemployed - seeking employment,Married - has children,20-29,Female,Hispanic/Latino/Spanish Origin,Graduate or professional degree,Unemployed - seeking employment,Married - no children,"Gender,Education Level,Race,Employment Status,Age,Household Information",Applicant 6,2,4,20-29,Male,Black/African American,Graduate or professional degree,Employed,Lives alone,30-39,Female,Black/African American,Some college,Unemployed - not seeking employment,Not married - has children,"Education Level,Race,Employment Status,Household Information,Gender,Age",Applicant 8,1 - Absolutely Not Admit,3,18-19,Male,Black/African American,College graduate,Unemployed - not seeking employment,Lives alone,20-29,Male,Black/African American,College graduate,Employed,Married - no children,"Gender,Household Information,Education Level,Race,Employment Status,Age",Applicant 10,1 -Absolutely Not Admit,4,30-39,Female,Hispanic/Latino/Spanish Origin,Graduate or professional degree,Unemployed - not seeking employment,Married - no children,30-39,Male,White,Graduate or professional degree,Employed,Not married - has children,"Employment Status,Gender,Race,Age,Education Level,Household Information",36,Female,Independent,25
2016-12-11 04:13:06,2016-12-11 04:15:59,IP Address,112.202.144.36,100,173,True,2016-12-11 04:16:01,R_2OYZfSRILqV34tc,,,,,15.551193237305,120.81469726562,anonymous,Applicant 1,6,4,40+,Female,White,Graduate or professional degree,Employed,Married - has children,40+,Male,White,Graduate or professional degree,Unemployed - not seeking employment,Not married - has children,"Gender,Employment Status,Education Level,Household Information,Race,Age",Applicant 3,6,4,18-19,Female,Black/African American,Some college,Employed,Lives alone,20-29,Male,Hispanic/Latino/Spanish Origin,High school graduate,Unemployed - not seeking employment,Married - no children,"Household Information,Race,Education Level,Gender,Employment Status,Age",Applicant 6,4,6,20-29,Male,Black/African American,Some college,Unemployed - not seeking employment,Married - has children,40+,Female,Hispanic/Latino/Spanish Origin,College graduate,Employed,Married - no children,"Race,Household Information,Age,Employment Status,Gender,Education Level",Applicant 7,6,5,30-39,Male,Hispanic/Latino/Spanish Origin,High school graduate,Unemployed - seeking employment,Married - has children,30-39,Male,Hispanic/Latino/Spanish Origin,High school graduate,Unemployed - seeking employment,Not married - has children,"Race,Household Information,Education Level,Age,Employment Status,Gender",Applicant 9,6,5,40+,Male,Black/African American,College graduate,Unemployed - not seeking employment,Married - has children,20-29,Female,White,High school graduate,Unemployed - not seeking employment,Married - has children,"Age,Education Level,Race,Gender,Household Information,Employment Status",34,Male,Republican,535
2016-12-11 04:15:10,2016-12-11 04:17:46,IP Address,50.53.22.46,100,155,True,2016-12-11 04:17:47,R_1gtmdTiVnSopfYl,,,,,45.451995849609,-122.78929901123,anonymous,Applicant 2,2,3,18-19,Female,White,Graduate or professional degree,Unemployed - seeking employment,Lives alone,20-29,Female,White,Graduate or professional degree,Unemployed - not seeking employment,Married - has children,"Race,Employment Status,Education Level,Gender,Age,Household Information",Applicant 4,2,3,20-29,Male,White,High school graduate,Unemployed - not seeking employment,Married - no children,18-19,Female,White,High school graduate,Unemployed - not seeking employment,Married - has children,"Education Level,Household Information,Age,Employment Status,Race,Gender",Applicant 5,3,2,20-29,Female,Hispanic/Latino/Spanish Origin,College graduate,Employed,Not married - has children,40+,Male,White,Some college,Unemployed - seeking employment,Not married - has children,"Education Level,Race,Household Information,Employment Status,Gender,Age",Applicant 8,1 - Absolutely Not Admit,4,30-39,Male,White,High school graduate,Employed,Married - has children,30-39,Female,White,High school graduate,Unemployed - seeking employment,Married - has children,"Education Level,Gender,Household Information,Race,Age,Employment Status",Applicant 10,1 -Absolutely Not Admit,3,40+,Female,White,Graduate or professional degree,Employed,Not married - has children,40+,Female,White,Some college,Unemployed - not seeking employment,Not married - has children,"Age,Employment Status,Education Level,Gender,Race,Household Information",36,Male,Republican,113
2016-12-11 04:20:34,2016-12-11 04:23:26,IP Address,174.59.66.107,100,171,True,2016-12-11 04:23:27,R_2rGBxVViiXUt7j6,,,,,40.550094604492,-76.397003173828,anonymous,Applicant 2,5,7 - Definitely Admit,18-19,Male,White,High school graduate,Employed,Lives alone,18-19,Female,White,Graduate or professional degree,Employed,Married - has children,"Gender,Employment Status,Education Level,Age,Race,Household Information",,4,4,20-29,Female,Black/African American,Graduate or professional degree,Unemployed - not seeking employment,Married - no children,40+,Male,Black/African American,High school graduate,Unemployed - not seeking employment,Lives alone,"Employment Status,Gender,Education Level,Age,Household Information,Race",,7 - Definitely Admit,6,18-19,Male,White,Graduate or professional degree,Unemployed - not seeking employment,Lives alone,20-29,Female,Black/African American,High school graduate,Unemployed - not seeking employment,Lives alone,"Gender,Age,Education Level,Employment Status,Household Information,Race",,6,5,18-19,Female,Black/African American,Some college,Employed,Married - no children,40+,Male,White,College graduate,Employed,Married - no children,"Gender,Age,Education Level,Employment Status,Household Information,Race",,7 - Definitely Admit,5,20-29,Male,Black/African American,Some college,Unemployed - not seeking employment,Married - has children,40+,Female,Hispanic/Latino/Spanish Origin,High school graduate,Employed,Lives alone,"Education Level,Gender,Race,Age,Employment Status,Household Information",65,Female,Democrat,73
2016-12-11 04:20:05,2016-12-11 04:25:18,IP Address,70.198.73.51,100,312,True,2016-12-11 04:25:19,R_2EyhV3grGffiHVw,,,,,40.045593261719,-86.008598327637,anonymous,Applicant 2,1 - Absolutely Not Admit,3,18-19,Male,Hispanic/Latino/Spanish Origin,College graduate,Unemployed - not seeking employment,Married - no children,40+,Male,Black/African American,College graduate,Unemployed - not seeking employment,Married - has children,"Employment Status,Race,Education Level,Age,Household Information,Gender",Applicant 3,4,1 - Absolutely Not Admit,30-39,Female,Hispanic/Latino/Spanish Origin,High school graduate,Employed,Lives alone,18-19,Male,White,Some college,Unemployed - not seeking employment,Married - no children,"Race,Gender,Employment Status,Education Level,Household Information,Age",Applicant 6,1 - Absolutely Not Admit,6,40+,Female,Black/African American,College graduate,Unemployed - not seeking employment,Lives alone,18-19,Female,Black/African American,Some college,Employed,Not married - has children,"Gender,Employment Status,Household Information,Race,Age,Education Level",Applicant 7,6,2,18-19,Male,White,High school graduate,Employed,Married - has children,20-29,Male,Black/African American,Graduate or professional degree,Employed,Lives alone,"Employment Status,Household Information,Age,Gender,Education Level,Race",Applicant 9,5,2,20-29,Male,White,High school graduate,Unemployed - seeking employment,Married - no children,20-29,Male,White,Some college,Employed,Lives alone,"Age,Employment Status,Gender,Household Information,Race,Education Level",43,Female,Republican,798
2016-12-11 04:27:08,2016-12-11 04:30:35,IP Address,99.181.161.132,100,206,True,2016-12-11 04:30:37,R_27IgVoA4MIHIQ9q,,,,,42.234298706055,-88.306800842285,anonymous,Applicant 1,5,4,20-29,Female,White,High school graduate,Employed,Lives alone,18-19,Male,Black/African American,High school graduate,Employed,Lives alone,"Employment Status,Education Level,Gender,Age,Race,Household Information",Applicant 4,5,7 - Definitely Admit,30-39,Male,White,Some college,Employed,Married - no children,20-29,Female,Hispanic/Latino/Spanish Origin,College graduate,Employed,Married - no children,"Employment Status,Household Information,Age,Education Level,Race,Gender",,5,7 - Definitely Admit,20-29,Female,White,College graduate,Employed,Not married - has children,40+,Male,Black/African American,Graduate or professional degree,Unemployed - seeking employment,Not married - has children,"Employment Status,Age,Gender,Race,Household Information,Education Level",,6,3,40+,Male,White,High school graduate,Unemployed - seeking employment,Married - no children,18-19,Male,White,Graduate or professional degree,Unemployed - seeking employment,Lives alone,"Education Level,Employment Status,Race,Gender,Household Information,Age",,4,1 -Absolutely Not Admit,20-29,Female,Hispanic/Latino/Spanish Origin,High school graduate,Unemployed - seeking employment,Not married - has children,20-29,Male,Black/African American,Some college,Unemployed - not seeking employment,Not married - has children,"Gender,Employment Status,Household Information,Race,Education Level,Age",71,Female,Independent,137
2016-12-11 04:27:38,2016-12-11 04:32:04,IP Address,134.132.52.221,100,265,True,2016-12-11 04:32:05,R_1OI8yNmF1x7FiSD,,,,,35.46760559082,-97.516403198242,anonymous,Applicant 2,5,6,18-19,Female,White,High school graduate,Employed,Married - no children,18-19,Female,Hispanic/Latino/Spanish Origin,Graduate or professional degree,Unemployed - seeking employment,Married - no children,"Household Information,Gender,Race,Education Level,Age,Employment Status",Applicant 3,6,6,18-19,Male,White,High school graduate,Employed,Married - has children,20-29,Male,Hispanic/Latino/Spanish Origin,Graduate or professional degree,Unemployed - seeking employment,Lives alone,"Race,Employment Status,Gender,Age,Education Level,Household Information",Applicant 6,2,6,18-19,Male,White,College graduate,Unemployed - not seeking employment,Married - has children,40+,Male,Hispanic/Latino/Spanish Origin,High school graduate,Unemployed - seeking employment,Married - no children,"Household Information,Gender,Race,Education Level,Employment Status,Age",Applicant 7,4,2,20-29,Male,White,High school graduate,Employed,Married - no children,40+,Female,Black/African American,College graduate,Unemployed - not seeking employment,Lives alone,"Household Information,Race,Gender,Education Level,Age,Employment Status",Applicant 9,5,2,40+,Female,Hispanic/Latino/Spanish Origin,High school graduate,Employed,Not married - has children,20-29,Female,Hispanic/Latino/Spanish Origin,College graduate,Unemployed - not seeking employment,Married - has children,"Race,Employment Status,Gender,Education Level,Household Information,Age",35,Female,Independent,852
2016-12-11 04:37:18,2016-12-11 04:40:20,IP Address,65.35.51.223,100,181,True,2016-12-11 04:40:21,R_p3h7m0dmJOL73PP,,,,,28.934494018555,-82.472297668457,anonymous,Applicant 2,4,5,18-19,Female,Hispanic/Latino/Spanish Origin,High school graduate,Employed,Married - no children,30-39,Female,Hispanic/Latino/Spanish Origin,Some college,Unemployed - not seeking employment,Lives alone,"Age,Employment Status,Gender,Education Level,Race,Household Information",Applicant 3,7 - Definitely Admit,4,20-29,Male,White,Some college,Unemployed - seeking employment,Married - has children,30-39,Male,Hispanic/Latino/Spanish Origin,High school graduate,Employed,Married - no children,"Gender,Household Information,Age,Race,Employment Status,Education Level",Applicant 5,5,2,18-19,Male,Hispanic/Latino/Spanish Origin,Some college,Unemployed - seeking employment,Married - no children,18-19,Female,Black/African American,Graduate or professional degree,Employed,Married - has children,"Employment Status,Household Information,Race,Gender,Education Level,Age",Applicant 8,5,3,18-19,Male,White,High school graduate,Unemployed - not seeking employment,Married - no children,20-29,Female,Hispanic/Latino/Spanish Origin,College graduate,Unemployed - seeking employment,Lives alone,"Household Information,Employment Status,Education Level,Race,Gender,Age",,5,3,20-29,Female,White,High school graduate,Unemployed - not seeking employment,Not married - has children,18-19,Female,Black/African American,Graduate or professional degree,Employed,Lives alone,"Race,Education Level,Gender,Age,Household Information,Employment Status",41,Female,Democrat,593
2016-12-11 04:38:28,2016-12-11 04:40:48,IP Address,97.95.53.113,100,140,True,2016-12-11 04:40:49,R_2qftDSPEQkLpnW1,,,,,43.755996704102,-88.366600036621,anonymous,Applicant 2,1 - Absolutely Not Admit,6,40+,Male,White,Graduate or professional degree,Unemployed - not seeking employment,Lives alone,40+,Female,Black/African American,High school graduate,Employed,Lives alone,"Household Information,Gender,Education Level,Race,Employment Status,Age",Applicant 4,4,5,20-29,Male,Hispanic/Latino/Spanish Origin,High school graduate,Employed,Lives alone,40+,Male,White,Some college,Employed,Not married - has children,"Employment Status,Gender,Household Information,Education Level,Age,Race",Applicant 6,2,6,30-39,Female,White,Graduate or professional degree,Unemployed - not seeking employment,Married - has children,18-19,Female,Black/African American,High school graduate,Employed,Married - no children,"Age,Education Level,Gender,Employment Status,Household Information,Race",Applicant 7,5,4,40+,Male,White,Some college,Employed,Married - has children,30-39,Male,Hispanic/Latino/Spanish Origin,Some college,Employed,Lives alone,"Race,Age,Employment Status,Education Level,Household Information,Gender",Applicant 9,6,3,30-39,Female,Hispanic/Latino/Spanish Origin,High school graduate,Unemployed - seeking employment,Not married - has children,30-39,Male,Hispanic/Latino/Spanish Origin,College graduate,Employed,Lives alone,"Age,Household Information,Employment Status,Education Level,Gender,Race",64,Male,Republican,434
2016-12-11 04:44:15,2016-12-11 04:46:51,IP Address,24.210.212.69,100,155,True,2016-12-11 04:46:52,R_T1tqWQMp0XjwMtX,,,,,40.874206542969,-81.232597351074,anonymous,Applicant 2,5,5,30-39,Male,Hispanic/Latino/Spanish Origin,Some college,Unemployed - seeking employment,Married - no children,30-39,Male,Black/African American,Graduate or professional degree,Unemployed - seeking employment,Lives alone,"Race,Education Level,Gender,Household Information,Age,Employment Status",Applicant 3,5,2,40+,Female,Hispanic/Latino/Spanish Origin,High school graduate,Unemployed - seeking employment,Married - has children,40+,Female,Black/African American,Some college,Unemployed - not seeking employment,Married - has children,"Employment Status,Age,Race,Gender,Education Level,Household Information",Applicant 6,2,2,18-19,Female,Black/African American,High school graduate,Unemployed - not seeking employment,Married - no children,18-19,Female,Black/African American,Some college,Unemployed - not seeking employment,Lives alone,"Employment Status,Gender,Age,Race,Education Level,Household Information",Applicant 7,6,6,18-19,Female,Hispanic/Latino/Spanish Origin,Some college,Unemployed - seeking employment,Not married - has children,20-29,Male,Hispanic/Latino/Spanish Origin,Some college,Employed,Not married - has children,"Education Level,Gender,Age,Household Information,Race,Employment Status",Applicant 10,5,5,20-29,Male,Hispanic/Latino/Spanish Origin,Some college,Unemployed - seeking employment,Lives alone,20-29,Male,Black/African American,High school graduate,Unemployed - seeking employment,Lives alone,"Race,Employment Status,Gender,Age,Education Level,Household Information",29,Female,Democrat,816
2016-12-11 04:49:15,2016-12-11 04:53:26,IP Address,98.94.22.29,100,251,True,2016-12-11 04:53:27,R_3PGBteDKLuFmN1v,,,,,33.448303222656,-81.692100524902,anonymous,Applicant 1,5,4,30-39,Male,White,High school graduate,Employed,Married - has children,20-29,Female,White,College graduate,Employed,Not married - has children,"Age,Employment Status,Race,Education Level,Gender,Household Information",Applicant 3,1 - Absolutely Not Admit,2,18-19,Female,White,College graduate,Employed,Married - no children,18-19,Male,White,College graduate,Unemployed - seeking employment,Lives alone,"Gender,Education Level,Employment Status,Race,Household Information,Age",Applicant 5,3,7 - Definitely Admit,30-39,Female,Black/African American,College graduate,Unemployed - seeking employment,Married - has children,18-19,Male,Hispanic/Latino/Spanish Origin,Graduate or professional degree,Unemployed - seeking employment,Not married - has children,"Education Level,Age,Race,Employment Status,Gender,Household Information",Applicant 8,3,5,40+,Male,White,Graduate or professional degree,Employed,Married - no children,18-19,Female,Hispanic/Latino/Spanish Origin,High school graduate,Employed,Not married - has children,"Education Level,Household Information,Age,Gender,Employment Status,Race",Applicant 10,7 - Definitely Admit,5,20-29,Female,Black/African American,Graduate or professional degree,Unemployed - seeking employment,Married - no children,18-19,Male,Black/African American,Some college,Unemployed - not seeking employment,Not married - has children,"Race,Gender,Age,Education Level,Employment Status,Household Information",25,Male,Republican,47
2016-12-11 05:01:29,2016-12-11 05:02:15,IP Address,172.58.200.201,100,45,True,2016-12-11 05:02:16,R_AF1BFhe5dcYLYR3,,,,,39.954299926758,-75.165702819824,anonymous,Applicant 1,4,3,20-29,Male,White,Graduate or professional degree,Unemployed - not seeking employment,Lives alone,30-39,Male,Black/African American,College graduate,Employed,Married - has children,"Race,Employment Status,Gender,Household Information,Age,Education Level",Applicant 4,2,2,40+,Female,Hispanic/Latino/Spanish Origin,Some college,Employed,Married - has children,30-39,Female,Hispanic/Latino/Spanish Origin,High school graduate,Employed,Married - has children,"Education Level,Employment Status,Age,Gender,Household Information,Race",Applicant 6,2,1 - Absolutely Not Admit,40+,Female,Black/African American,Graduate or professional degree,Unemployed - seeking employment,Married - has children,20-29,Male,Hispanic/Latino/Spanish Origin,High school graduate,Unemployed - seeking employment,Not married - has children,"Employment Status,Gender,Age,Race,Education Level,Household Information",Applicant 8,1 - Absolutely Not Admit,5,18-19,Male,Hispanic/Latino/Spanish Origin,Some college,Employed,Lives alone,20-29,Male,Hispanic/Latino/Spanish Origin,Some college,Unemployed - seeking employment,Married - has children,"Employment Status,Age,Household Information,Race,Education Level,Gender",Applicant 9,3,3,18-19,Female,White,High school graduate,Unemployed - seeking employment,Married - no children,40+,Male,White,Graduate or professional degree,Unemployed - seeking employment,Lives alone,"Education Level,Race,Household Information,Employment Status,Age,Gender",27,Male,Independent,589
2016-12-11 05:06:17,2016-12-11 05:09:40,IP Address,72.168.144.143,100,203,True,2016-12-11 05:09:41,R_3htoHDZGXzkhgBu,,,,,42.464492797852,-83.37629699707,anonymous,Applicant 1,6,1 - Absolutely Not Admit,40+,Male,Black/African American,Graduate or professional degree,Unemployed - seeking employment,Married - has children,18-19,Male,White,High school graduate,Unemployed - not seeking employment,Not married - has children,"Gender,Age,Household Information,Employment Status,Education Level,Race",Applicant 3,5,2,40+,Female,White,College graduate,Employed,Not married - has children,20-29,Male,Black/African American,Graduate or professional degree,Unemployed - not seeking employment,Not married - has children,"Education Level,Age,Employment Status,Household Information,Race,Gender",Applicant 5,3,2,40+,Male,Black/African American,High school graduate,Unemployed - not seeking employment,Married - has children,40+,Male,Hispanic/Latino/Spanish Origin,High school graduate,Unemployed - not seeking employment,Married - no children,"Age,Education Level,Gender,Employment Status,Race,Household Information",Applicant 8,5,3,20-29,Male,Hispanic/Latino/Spanish Origin,Graduate or professional degree,Unemployed - seeking employment,Married - no children,20-29,Female,Black/African American,College graduate,Unemployed - seeking employment,Not married - has children,"Gender,Education Level,Age,Household Information,Employment Status,Race",Applicant 10,2,3,20-29,Female,White,Some college,Unemployed - not seeking employment,Lives alone,30-39,Male,White,High school graduate,Employed,Lives alone,"Household Information,Employment Status,Race,Gender,Age,Education Level",31,Female,Independent,69
2016-12-11 05:08:48,2016-12-11 05:09:39,IP Address,13.66.60.215,100,51,True,2016-12-11 05:09:41,R_2UVBPZlV60Ql406,,,,,29.424102783203,-98.493598937988,anonymous,Applicant 1,4,6,30-39,Male,Black/African American,College graduate,Unemployed - not seeking employment,Lives alone,30-39,Female,Black/African American,High school graduate,Unemployed - not seeking employment,Married - no children,"Gender,Age,Race,Household Information,Employment Status,Education Level",Applicant 4,5,6,20-29,Male,White,Graduate or professional degree,Unemployed - seeking employment,Married - no children,18-19,Male,Hispanic/Latino/Spanish Origin,High school graduate,Unemployed - not seeking employment,Married - has children,"Race,Education Level,Household Information,Employment Status,Age,Gender",Applicant 6,6,5,20-29,Male,Hispanic/Latino/Spanish Origin,High school graduate,Employed,Lives alone,30-39,Male,Hispanic/Latino/Spanish Origin,Graduate or professional degree,Unemployed - seeking employment,Lives alone,"Gender,Education Level,Race,Employment Status,Age,Household Information",Applicant 8,4,6,20-29,Female,White,Some college,Employed,Married - no children,40+,Female,Black/African American,Graduate or professional degree,Employed,Married - no children,"Employment Status,Age,Race,Household Information,Education Level,Gender",Applicant 9,6,5,30-39,Female,White,Graduate or professional degree,Employed,Lives alone,18-19,Female,Hispanic/Latino/Spanish Origin,High school graduate,Unemployed - seeking employment,Not married - has children,"Household Information,Gender,Age,Education Level,Race,Employment Status",29,Female,Independent,473
2016-12-11 05:08:28,2016-12-11 05:11:00,IP Address,40.139.94.147,100,152,True,2016-12-11 05:11:02,R_1jJNxhxdb72xKqh,,,,,42.292404174805,-85.690803527832,anonymous,Applicant 2,1 - Absolutely Not Admit,2,30-39,Female,Black/African American,High school graduate,Unemployed - not seeking employment,Lives alone,40+,Female,White,High school graduate,Unemployed - seeking employment,Married - has children,"Household Information,Age,Gender,Education Level,Employment Status,Race",Applicant 4,1 - Absolutely Not Admit,3,40+,Female,White,College graduate,Unemployed - not seeking employment,Lives alone,40+,Female,White,Some college,Employed,Married - no children,"Race,Education Level,Household Information,Employment Status,Age,Gender",Applicant 6,1 - Absolutely Not Admit,3,30-39,Female,Hispanic/Latino/Spanish Origin,Some college,Unemployed - not seeking employment,Married - no children,30-39,Female,White,College graduate,Unemployed - seeking employment,Lives alone,"Age,Race,Household Information,Employment Status,Gender,Education Level",Applicant 7,2,3,18-19,Female,Hispanic/Latino/Spanish Origin,High school graduate,Unemployed - seeking employment,Not married - has children,30-39,Female,White,Graduate or professional degree,Unemployed - seeking employment,Married - has children,"Race,Age,Employment Status,Gender,Education Level,Household Information",Applicant 10,2,3,18-19,Female,White,College graduate,Employed,Married - has children,18-19,Female,Black/African American,Some college,Unemployed - seeking employment,Not married - has children,"Household Information,Employment Status,Age,Race,Gender,Education Level",36,Male,Republican,201
2016-12-11 05:09:34,2016-12-11 05:12:31,IP Address,98.14.170.194,100,176,True,2016-12-11 05:12:32,R_3hFUsQiKOi1qIai,,,,,40.735397338867,-73.878303527832,anonymous,Applicant 2,2,5,20-29,Male,White,High school graduate,Unemployed - not seeking employment,Lives alone,20-29,Female,White,Graduate or professional degree,Unemployed - seeking employment,Not married - has children,"Age,Employment Status,Gender,Education Level,Race,Household Information",Applicant 3,5,4,20-29,Male,Hispanic/Latino/Spanish Origin,College graduate,Unemployed - seeking employment,Not married - has children,18-19,Male,White,College graduate,Unemployed - seeking employment,Married - no children,"Education Level,Employment Status,Gender,Race,Age,Household Information",Applicant 6,5,2,20-29,Female,Black/African American,Graduate or professional degree,Employed,Not married - has children,40+,Male,White,High school graduate,Unemployed - seeking employment,Married - no children,"Gender,Education Level,Employment Status,Race,Household Information,Age",Applicant 8,4,5,30-39,Male,Black/African American,College graduate,Unemployed - not seeking employment,Lives alone,30-39,Male,White,Some college,Unemployed - not seeking employment,Lives alone,"Gender,Race,Age,Household Information,Employment Status,Education Level",Applicant 9,5,4,30-39,Male,Hispanic/Latino/Spanish Origin,Some college,Unemployed - seeking employment,Lives alone,18-19,Female,Black/African American,Some college,Employed,Not married - has children,"Household Information,Race,Employment Status,Gender,Age,Education Level",36,Female,Republican,131
2016-12-11 05:25:20,2016-12-11 05:31:07,IP Address,73.50.112.239,100,347,True,2016-12-11 05:31:09,R_3HwEcGxYTgwZg6P,,,,,41.480697631836,-87.727699279785,anonymous,Applicant 1,6,4,30-39,Female,White,College graduate,Unemployed - seeking employment,Not married - has children,18-19,Male,Hispanic/Latino/Spanish Origin,High school graduate,Unemployed - not seeking employment,Married - has children,"Household Information,Employment Status,Gender,Education Level,Race,Age",Applicant 3,5,4,40+,Female,Black/African American,College graduate,Unemployed - seeking employment,Married - has children,30-39,Male,Hispanic/Latino/Spanish Origin,High school graduate,Unemployed - not seeking employment,Married - no children,"Education Level,Gender,Race,Employment Status,Household Information,Age",Applicant 6,5,6,18-19,Female,White,College graduate,Unemployed - seeking employment,Married - has children,20-29,Male,Black/African American,Some college,Unemployed - seeking employment,Married - has children,"Education Level,Employment Status,Race,Household Information,Age,Gender",,4,3,18-19,Female,White,Some college,Employed,Married - has children,40+,Male,White,College graduate,Employed,Lives alone,"Race,Household Information,Age,Gender,Education Level,Employment Status",Applicant 10,2,6,18-19,Female,White,High school graduate,Employed,Married - no children,18-19,Female,White,College graduate,Employed,Married - has children,"Education Level,Employment Status,Gender,Race,Age,Household Information",55,Female,Democrat,821
2016-12-11 05:30:51,2016-12-11 05:32:47,IP Address,63.243.37.162,100,115,True,2016-12-11 05:32:48,R_1ieMK5ytPpT6Hbh,,,,,28.618499755859,-81.433601379395,anonymous,Applicant 1,6,3,18-19,Male,Hispanic/Latino/Spanish Origin,Some college,Unemployed - not seeking employment,Not married - has children,40+,Male,Black/African American,Graduate or professional degree,Employed,Not married - has children,"Household Information,Employment Status,Education Level,Gender,Age,Race",Applicant 4,5,2,18-19,Male,Hispanic/Latino/Spanish Origin,Some college,Employed,Married - has children,30-39,Male,Black/African American,Graduate or professional degree,Unemployed - not seeking employment,Married - has children,"Race,Education Level,Gender,Employment Status,Household Information,Age",Applicant 6,4,4,40+,Female,Hispanic/Latino/Spanish Origin,Graduate or professional degree,Employed,Married - no children,18-19,Female,Black/African American,High school graduate,Employed,Married - has children,"Education Level,Household Information,Gender,Age,Race,Employment Status",Applicant 7,5,3,18-19,Female,Black/African American,High school graduate,Unemployed - seeking employment,Lives alone,20-29,Female,Hispanic/Latino/Spanish Origin,College graduate,Unemployed - seeking employment,Married - no children,"Gender,Age,Employment Status,Household Information,Race,Education Level",Applicant 10,5,3,30-39,Female,Hispanic/Latino/Spanish Origin,Some college,Unemployed - seeking employment,Lives alone,20-29,Male,White,Graduate or professional degree,Unemployed - seeking employment,Married - has children,"Employment Status,Gender,Education Level,Household Information,Race,Age",58,Male,Democrat,823
2016-12-11 05:40:27,2016-12-11 05:42:26,IP Address,96.42.253.153,100,118,True,2016-12-11 05:42:27,R_2cckua9mSFQCNtO,,,,,44.071502685547,-92.527900695801,anonymous,Applicant 2,3,6,20-29,Female,White,Some college,Employed,Lives alone,18-19,Female,Hispanic/Latino/Spanish Origin,Graduate or professional degree,Employed,Lives alone,"Age,Race,Gender,Household Information,Employment Status,Education Level",Applicant 3,2,7 - Definitely Admit,18-19,Male,Hispanic/Latino/Spanish Origin,Some college,Employed,Not married - has children,20-29,Female,White,Graduate or professional degree,Unemployed - not seeking employment,Married - has children,"Education Level,Gender,Age,Household Information,Employment Status,Race",Applicant 6,2,6,20-29,Male,White,Some college,Employed,Married - no children,18-19,Female,Hispanic/Latino/Spanish Origin,High school graduate,Employed,Not married - has children,"Age,Employment Status,Education Level,Household Information,Gender,Race",Applicant 8,1 - Absolutely Not Admit,7 - Definitely Admit,40+,Female,Black/African American,Some college,Employed,Not married - has children,20-29,Female,Hispanic/Latino/Spanish Origin,College graduate,Employed,Married - has children,"Gender,Employment Status,Education Level,Age,Household Information,Race",Applicant 9,4,6,40+,Male,Black/African American,College graduate,Employed,Married - no children,18-19,Female,Black/African American,Graduate or professional degree,Unemployed - not seeking employment,Not married - has children,"Education Level,Race,Gender,Age,Household Information,Employment Status",38,Male,Democrat,901
2016-12-11 05:50:01,2016-12-11 05:52:50,IP Address,96.3.219.160,100,168,True,2016-12-11 05:52:51,R_3OZrrmWavEXsU3D,,,,,43.504196166992,-96.83910369873,anonymous,Applicant 1,2,1 - Absolutely Not Admit,40+,Male,Hispanic/Latino/Spanish Origin,Graduate or professional degree,Unemployed - not seeking employment,Married - has children,20-29,Female,Black/African American,High school graduate,Employed,Married - no children,"Gender,Age,Employment Status,Race,Household Information,Education Level",Applicant 4,1 - Absolutely Not Admit,1 - Absolutely Not Admit,18-19,Female,White,College graduate,Unemployed - seeking employment,Married - no children,30-39,Male,White,Graduate or professional degree,Unemployed - not seeking employment,Married - has children,"Household Information,Gender,Employment Status,Age,Education Level,Race",Applicant 6,1 - Absolutely Not Admit,1 - Absolutely Not Admit,40+,Female,Black/African American,Some college,Unemployed - not seeking employment,Lives alone,40+,Female,Hispanic/Latino/Spanish Origin,Some college,Unemployed - not seeking employment,Married - has children,"Employment Status,Gender,Household Information,Race,Age,Education Level",Applicant 8,1 - Absolutely Not Admit,1 - Absolutely Not Admit,18-19,Male,White,College graduate,Unemployed - seeking employment,Lives alone,20-29,Male,Black/African American,Graduate or professional degree,Unemployed - seeking employment,Lives alone,"Gender,Employment Status,Education Level,Household Information,Race,Age",Applicant 10,1 -Absolutely Not Admit,1 -Absolutely Not Admit,30-39,Female,White,Some college,Employed,Lives alone,30-39,Male,White,Some college,Unemployed - seeking employment,Married - no children,"Gender,Age,Education Level,Race,Household Information,Employment Status",51,Male,Republican,505
2016-12-11 05:50:59,2016-12-11 05:53:34,IP Address,172.4.216.67,100,154,True,2016-12-11 05:53:35,R_3hgWpK0ziYPq26x,,,,,41.649993896484,-83.674102783203,anonymous,Applicant 1,5,4,30-39,Female,Hispanic/Latino/Spanish Origin,Graduate or professional degree,Employed,Not married - has children,18-19,Male,White,Graduate or professional degree,Unemployed - not seeking employment,Married - has children,"Age,Race,Gender,Education Level,Household Information,Employment Status",Applicant 4,5,3,18-19,Female,White,High school graduate,Unemployed - seeking employment,Married - has children,18-19,Male,Black/African American,High school graduate,Employed,Married - has children,"Household Information,Employment Status,Education Level,Age,Race,Gender",Applicant 6,5,3,20-29,Female,Black/African American,High school graduate,Unemployed - not seeking employment,Not married - has children,40+,Female,White,Graduate or professional degree,Unemployed - seeking employment,Married - has children,"Employment Status,Household Information,Education Level,Race,Gender,Age",Applicant 8,3,5,20-29,Male,White,College graduate,Employed,Not married - has children,40+,Female,Hispanic/Latino/Spanish Origin,High school graduate,Unemployed - seeking employment,Married - has children,"Education Level,Race,Age,Employment Status,Household Information,Gender",Applicant 10,2,3,20-29,Male,White,College graduate,Unemployed - seeking employment,Married - no children,40+,Female,Black/African American,College graduate,Employed,Lives alone,"Race,Education Level,Age,Gender,Household Information,Employment Status",26,Male,Independent,266
2016-12-11 05:57:54,2016-12-11 05:59:41,IP Address,70.199.201.19,100,107,True,2016-12-11 05:59:43,R_21sHPr7lqWoq4KY,,,,,37.518295288086,-79.668098449707,anonymous,Applicant 1,5,4,18-19,Male,Hispanic/Latino/Spanish Origin,Graduate or professional degree,Unemployed - seeking employment,Not married - has children,30-39,Female,Black/African American,College graduate,Unemployed - not seeking employment,Lives alone,"Employment Status,Race,Household Information,Gender,Education Level,Age",Applicant 3,6,1 - Absolutely Not Admit,40+,Female,White,Graduate or professional degree,Unemployed - not seeking employment,Lives alone,40+,Female,White,Some college,Employed,Lives alone,"Employment Status,Race,Age,Education Level,Household Information,Gender",Applicant 5,4,1 - Absolutely Not Admit,20-29,Female,White,Graduate or professional degree,Unemployed - not seeking employment,Not married - has children,40+,Male,White,Graduate or professional degree,Employed,Lives alone,"Household Information,Education Level,Gender,Age,Employment Status,Race",Applicant 8,5,6,18-19,Female,Hispanic/Latino/Spanish Origin,Graduate or professional degree,Unemployed - not seeking employment,Married - has children,30-39,Female,Hispanic/Latino/Spanish Origin,High school graduate,Unemployed - not seeking employment,Married - has children,"Education Level,Employment Status,Gender,Race,Household Information,Age",Applicant 10,1 -Absolutely Not Admit,6,40+,Male,Hispanic/Latino/Spanish Origin,Graduate or professional degree,Employed,Lives alone,30-39,Male,Black/African American,Some college,Unemployed - seeking employment,Lives alone,"Household Information,Race,Gender,Education Level,Age,Employment Status",29,Male,Republican,567
2016-12-11 06:00:22,2016-12-11 06:03:01,IP Address,68.174.210.172,100,159,True,2016-12-11 06:03:03,R_1LciGBwaUYX7Bnc,,,,,40.545303344727,-74.178596496582,anonymous,Applicant 2,2,6,30-39,Female,Black/African American,Some college,Unemployed - not seeking employment,Not married - has children,20-29,Female,White,High school graduate,Unemployed - seeking employment,Married - no children,"Employment Status,Household Information,Age,Gender,Education Level,Race",Applicant 4,2,2,18-19,Female,White,College graduate,Employed,Not married - has children,20-29,Female,Black/African American,Some college,Employed,Not married - has children,"Age,Race,Gender,Education Level,Household Information,Employment Status",Applicant 5,2,2,18-19,Male,Hispanic/Latino/Spanish Origin,Graduate or professional degree,Unemployed - seeking employment,Married - has children,20-29,Female,Hispanic/Latino/Spanish Origin,Some college,Unemployed - not seeking employment,Not married - has children,"Gender,Education Level,Age,Race,Employment Status,Household Information",Applicant 8,1 - Absolutely Not Admit,1 - Absolutely Not Admit,40+,Female,Black/African American,Graduate or professional degree,Unemployed - not seeking employment,Not married - has children,40+,Female,White,Graduate or professional degree,Unemployed - not seeking employment,Not married - has children,"Education Level,Employment Status,Age,Gender,Household Information,Race",Applicant 9,4,3,20-29,Female,White,Graduate or professional degree,Unemployed - not seeking employment,Married - no children,18-19,Male,Black/African American,Some college,Employed,Not married - has children,"Age,Household Information,Race,Employment Status,Education Level,Gender",38,Female,Republican,479
2016-12-11 06:08:41,2016-12-11 06:11:24,IP Address,73.218.195.114,100,162,True,2016-12-11 06:11:25,R_ZK8rz05VHWLEEoN,,,,,41.48779296875,-73.062698364258,anonymous,Applicant 2,5,6,20-29,Male,Hispanic/Latino/Spanish Origin,Graduate or professional degree,Employed,Not married - has children,20-29,Female,Black/African American,Some college,Employed,Married - has children,"Race,Age,Employment Status,Gender,Education Level,Household Information",Applicant 4,3,5,20-29,Female,Hispanic/Latino/Spanish Origin,College graduate,Unemployed - not seeking employment,Married - no children,40+,Male,Hispanic/Latino/Spanish Origin,Some college,Unemployed - seeking employment,Married - no children,"Age,Gender,Household Information,Education Level,Race,Employment Status",Applicant 5,5,3,20-29,Female,Black/African American,High school graduate,Unemployed - seeking employment,Not married - has children,40+,Male,Black/African American,High school graduate,Unemployed - not seeking employment,Lives alone,"Education Level,Employment Status,Age,Race,Gender,Household Information",Applicant 7,4,3,20-29,Female,Hispanic/Latino/Spanish Origin,College graduate,Unemployed - not seeking employment,Married - no children,40+,Male,White,High school graduate,Unemployed - not seeking employment,Married - no children,"Household Information,Race,Gender,Age,Education Level,Employment Status",Applicant 9,5,4,40+,Female,White,Graduate or professional degree,Unemployed - seeking employment,Not married - has children,30-39,Female,Black/African American,College graduate,Unemployed - not seeking employment,Married - no children,"Gender,Education Level,Employment Status,Race,Household Information,Age",27,Male,Independent,319
2016-12-11 06:11:01,2016-12-11 06:14:10,IP Address,50.232.33.18,100,188,True,2016-12-11 06:14:12,R_08SB1GFq3KfDju9,,,,,37.339797973633,-77.458602905273,anonymous,Applicant 2,3,5,30-39,Male,Hispanic/Latino/Spanish Origin,Some college,Employed,Not married - has children,18-19,Female,White,College graduate,Employed,Not married - has children,"Age,Employment Status,Race,Household Information,Gender,Education Level",Applicant 3,6,4,18-19,Female,White,High school graduate,Unemployed - seeking employment,Not married - has children,20-29,Female,Black/African American,High school graduate,Unemployed - not seeking employment,Married - no children,"Race,Gender,Household Information,Education Level,Age,Employment Status",Applicant 6,6,6,18-19,Female,Black/African American,High school graduate,Unemployed - seeking employment,Not married - has children,20-29,Female,White,College graduate,Unemployed - seeking employment,Married - has children,"Education Level,Employment Status,Age,Household Information,Race,Gender",Applicant 7,7 - Definitely Admit,5,40+,Female,White,High school graduate,Unemployed - seeking employment,Lives alone,18-19,Male,Hispanic/Latino/Spanish Origin,High school graduate,Unemployed - seeking employment,Not married - has children,"Gender,Household Information,Employment Status,Race,Education Level,Age",Applicant 10,4,6,18-19,Male,Hispanic/Latino/Spanish Origin,High school graduate,Unemployed - seeking employment,Married - no children,20-29,Male,White,High school graduate,Employed,Married - no children,"Household Information,Employment Status,Race,Gender,Education Level,Age",43,Female,Republican,995
2016-12-11 06:19:23,2016-12-11 06:21:22,IP Address,162.198.205.227,100,119,True,2016-12-11 06:21:24,R_1Fs7xpmvbW1NL7Q,,,,,35.67610168457,-78.81600189209,anonymous,Applicant 2,2,2,40+,Female,Hispanic/Latino/Spanish Origin,High school graduate,Unemployed - not seeking employment,Not married - has children,18-19,Male,Black/African American,Graduate or professional degree,Unemployed - not seeking employment,Married - has children,"Education Level,Employment Status,Age,Household Information,Gender,Race",Applicant 3,2,2,20-29,Female,Hispanic/Latino/Spanish Origin,Some college,Unemployed - seeking employment,Not married - has children,30-39,Male,Black/African American,Some college,Employed,Married - has children,"Household Information,Employment Status,Race,Education Level,Age,Gender",Applicant 5,2,2,20-29,Male,White,College graduate,Employed,Not married - has children,18-19,Male,Black/African American,College graduate,Unemployed - not seeking employment,Lives alone,"Household Information,Race,Education Level,Age,Gender,Employment Status",Applicant 8,2,2,40+,Male,Hispanic/Latino/Spanish Origin,Some college,Unemployed - not seeking employment,Married - no children,40+,Female,White,Some college,Unemployed - not seeking employment,Lives alone,"Age,Gender,Education Level,Race,Employment Status,Household Information",Applicant 10,2,2,18-19,Female,White,Graduate or professional degree,Unemployed - not seeking employment,Married - no children,40+,Female,Hispanic/Latino/Spanish Origin,College graduate,Unemployed - not seeking employment,Not married - has children,"Education Level,Race,Employment Status,Gender,Age,Household Information",56,Female,Republican,250
2016-12-11 06:19:34,2016-12-11 06:22:09,IP Address,69.131.148.26,100,154,True,2016-12-11 06:22:10,R_2qDHeD09awMQq5I,,,,,35.960601806641,-83.920700073242,anonymous,Applicant 2,4,3,30-39,Female,Hispanic/Latino/Spanish Origin,Some college,Unemployed - seeking employment,Not married - has children,18-19,Male,Hispanic/Latino/Spanish Origin,Some college,Unemployed - not seeking employment,Married - has children,"Education Level,Household Information,Employment Status,Race,Gender,Age",Applicant 3,6,4,30-39,Male,Hispanic/Latino/Spanish Origin,College graduate,Unemployed - not seeking employment,Married - has children,30-39,Female,Black/African American,College graduate,Unemployed - seeking employment,Married - has children,"Employment Status,Age,Household Information,Race,Education Level,Gender",Applicant 5,7 - Definitely Admit,4,18-19,Male,White,Some college,Unemployed - seeking employment,Not married - has children,18-19,Female,White,High school graduate,Employed,Married - no children,"Age,Education Level,Household Information,Race,Gender,Employment Status",Applicant 8,3,4,20-29,Female,Hispanic/Latino/Spanish Origin,Graduate or professional degree,Unemployed - not seeking employment,Not married - has children,18-19,Male,Black/African American,College graduate,Employed,Not married - has children,"Employment Status,Age,Race,Gender,Household Information,Education Level",Applicant 10,1 -Absolutely Not Admit,3,18-19,Male,White,Graduate or professional degree,Unemployed - not seeking employment,Married - no children,20-29,Male,Hispanic/Latino/Spanish Origin,Some college,Unemployed - not seeking employment,Married - has children,"Gender,Race,Employment Status,Age,Education Level,Household Information",35,Male,Republican,927
2016-12-11 06:19:20,2016-12-11 06:23:09,IP Address,66.168.113.244,100,229,True,2016-12-11 06:23:11,R_2TsDn574zY0SmL9,,,,,42.191192626953,-71.778900146484,anonymous,Applicant 1,4,3,20-29,Female,Black/African American,Some college,Unemployed - not seeking employment,Married - has children,20-29,Female,Black/African American,College graduate,Employed,Married - no children,"Household Information,Employment Status,Race,Gender,Education Level,Age",Applicant 4,4,6,20-29,Female,White,College graduate,Unemployed - not seeking employment,Not married - has children,40+,Male,Hispanic/Latino/Spanish Origin,Graduate or professional degree,Unemployed - seeking employment,Not married - has children,"Education Level,Race,Age,Gender,Employment Status,Household Information",Applicant 6,4,5,40+,Female,White,College graduate,Employed,Lives alone,30-39,Male,Black/African American,Some college,Unemployed - seeking employment,Lives alone,"Age,Education Level,Race,Household Information,Gender,Employment Status",Applicant 7,4,3,18-19,Female,Black/African American,High school graduate,Unemployed - not seeking employment,Married - has children,20-29,Female,Black/African American,Graduate or professional degree,Unemployed - seeking employment,Lives alone,"Age,Employment Status,Education Level,Race,Household Information,Gender",Applicant 9,5,3,18-19,Male,Hispanic/Latino/Spanish Origin,College graduate,Unemployed - seeking employment,Married - no children,18-19,Male,Black/African American,Some college,Employed,Lives alone,"Age,Education Level,Employment Status,Gender,Race,Household Information",54,Female,Democrat,898
2016-12-11 06:23:54,2016-12-11 06:25:36,IP Address,75.132.108.44,100,101,True,2016-12-11 06:25:37,R_1ohWksClda0YiFa,,,,,38.520004272461,-89.984001159668,anonymous,Applicant 2,5,4,40+,Male,Hispanic/Latino/Spanish Origin,College graduate,Employed,Not married - has children,20-29,Male,White,Some college,Unemployed - not seeking employment,Married - has children,"Race,Employment Status,Education Level,Gender,Age,Household Information",Applicant 4,1 - Absolutely Not Admit,7 - Definitely Admit,20-29,Male,Hispanic/Latino/Spanish Origin,College graduate,Unemployed - not seeking employment,Not married - has children,30-39,Female,White,Some college,Unemployed - seeking employment,Married - has children,"Gender,Age,Education Level,Household Information,Race,Employment Status",Applicant 5,7 - Definitely Admit,4,18-19,Male,Black/African American,Graduate or professional degree,Unemployed - seeking employment,Married - no children,30-39,Female,White,High school graduate,Employed,Married - has children,"Age,Gender,Household Information,Education Level,Employment Status,Race",Applicant 7,2,1 - Absolutely Not Admit,18-19,Female,Black/African American,Graduate or professional degree,Employed,Married - no children,40+,Male,Black/African American,Some college,Unemployed - not seeking employment,Married - has children,"Gender,Age,Household Information,Employment Status,Race,Education Level",Applicant 10,1 -Absolutely Not Admit,7 - Definitely Admit,20-29,Male,Hispanic/Latino/Spanish Origin,High school graduate,Unemployed - not seeking employment,Married - has children,18-19,Female,Hispanic/Latino/Spanish Origin,High school graduate,Unemployed - seeking employment,Married - no children,"Education Level,Gender,Employment Status,Race,Household Information,Age",37,Male,Independent,25
2016-12-11 06:22:58,2016-12-11 06:26:25,IP Address,73.236.12.162,100,206,True,2016-12-11 06:26:27,R_2c9pSKVXAKKmusx,,,,,40.430999755859,-79.922698974609,anonymous,Applicant 1,6,2,30-39,Female,White,Some college,Unemployed - seeking employment,Not married - has children,18-19,Female,Hispanic/Latino/Spanish Origin,College graduate,Unemployed - not seeking employment,Lives alone,"Age,Gender,Employment Status,Household Information,Education Level,Race",Applicant 4,1 - Absolutely Not Admit,5,20-29,Male,White,High school graduate,Employed,Lives alone,18-19,Female,Black/African American,College graduate,Unemployed - seeking employment,Lives alone,"Household Information,Gender,Employment Status,Age,Education Level,Race",Applicant 6,1 - Absolutely Not Admit,3,30-39,Male,White,Graduate or professional degree,Employed,Married - has children,40+,Female,White,Some college,Unemployed - not seeking employment,Married - has children,"Gender,Education Level,Household Information,Employment Status,Age,Race",Applicant 8,3,5,18-19,Female,White,High school graduate,Employed,Lives alone,30-39,Female,Black/African American,Some college,Unemployed - not seeking employment,Married - no children,"Household Information,Gender,Education Level,Age,Race,Employment Status",Applicant 9,6,5,20-29,Female,Hispanic/Latino/Spanish Origin,College graduate,Employed,Married - has children,18-19,Male,Black/African American,Graduate or professional degree,Unemployed - seeking employment,Lives alone,"Gender,Employment Status,Household Information,Race,Education Level,Age",42,Male,Democrat,744
2016-12-11 06:27:09,2016-12-11 06:30:06,IP Address,173.10.54.113,100,176,True,2016-12-11 06:30:07,R_r1oNZs7xnb9Rb9L,,,,,42.664398193359,-83.23030090332,anonymous,Applicant 2,1 - Absolutely Not Admit,3,18-19,Female,White,College graduate,Unemployed - not seeking employment,Married - has children,18-19,Female,Hispanic/Latino/Spanish Origin,High school graduate,Employed,Married - has children,"Household Information,Gender,Education Level,Employment Status,Race,Age",Applicant 4,1 - Absolutely Not Admit,5,30-39,Male,Hispanic/Latino/Spanish Origin,High school graduate,Employed,Married - has children,20-29,Female,Hispanic/Latino/Spanish Origin,College graduate,Unemployed - seeking employment,Married - has children,"Gender,Education Level,Employment Status,Age,Household Information,Race",Applicant 5,2,1 - Absolutely Not Admit,30-39,Female,Black/African American,High school graduate,Employed,Lives alone,30-39,Male,Hispanic/Latino/Spanish Origin,Graduate or professional degree,Unemployed - not seeking employment,Lives alone,"Race,Education Level,Employment Status,Age,Gender,Household Information",Applicant 8,1 - Absolutely Not Admit,5,18-19,Female,Hispanic/Latino/Spanish Origin,Some college,Unemployed - not seeking employment,Lives alone,18-19,Male,Black/African American,Graduate or professional degree,Unemployed - seeking employment,Lives alone,"Age,Education Level,Household Information,Employment Status,Gender,Race",Applicant 10,3,3,40+,Male,Hispanic/Latino/Spanish Origin,Graduate or professional degree,Unemployed - seeking employment,Married - no children,18-19,Female,Black/African American,Some college,Unemployed - seeking employment,Married - no children,"Employment Status,Gender,Age,Education Level,Household Information,Race",19,Male,Independent,369
2016-12-11 06:32:03,2016-12-11 06:33:55,IP Address,98.249.162.203,100,112,True,2016-12-11 06:33:57,R_AKH6EAQaSXW8oLf,,,,,25.734100341797,-80.359397888184,anonymous,Applicant 1,5,4,40+,Male,Hispanic/Latino/Spanish Origin,College graduate,Unemployed - not seeking employment,Not married - has children,40+,Male,White,Some college,Employed,Lives alone,"Age,Employment Status,Race,Education Level,Gender,Household Information",Applicant 4,4,6,18-19,Female,Hispanic/Latino/Spanish Origin,High school graduate,Unemployed - not seeking employment,Lives alone,30-39,Male,Hispanic/Latino/Spanish Origin,Some college,Unemployed - seeking employment,Lives alone,"Education Level,Race,Household Information,Gender,Age,Employment Status",Applicant 6,4,5,30-39,Female,Black/African American,Graduate or professional degree,Unemployed - seeking employment,Married - no children,40+,Male,Hispanic/Latino/Spanish Origin,High school graduate,Unemployed - seeking employment,Lives alone,"Age,Employment Status,Race,Gender,Household Information,Education Level",Applicant 7,5,5,20-29,Female,Black/African American,High school graduate,Employed,Married - has children,40+,Female,Hispanic/Latino/Spanish Origin,High school graduate,Employed,Not married - has children,"Education Level,Gender,Race,Age,Household Information,Employment Status",Applicant 9,5,4,30-39,Female,Black/African American,College graduate,Unemployed - seeking employment,Married - has children,40+,Male,Hispanic/Latino/Spanish Origin,Graduate or professional degree,Unemployed - not seeking employment,Not married - has children,"Gender,Race,Employment Status,Household Information,Age,Education Level",35,Male,Republican,37
2016-12-11 06:31:16,2016-12-11 06:34:20,IP Address,24.139.91.250,100,184,True,2016-12-11 06:34:21,R_3qede8jD4oZU9o1,,,,,18.475692749023,-67.124702453613,anonymous,Applicant 2,2,4,20-29,Female,Hispanic/Latino/Spanish Origin,College graduate,Unemployed - not seeking employment,Lives alone,20-29,Female,Black/African American,College graduate,Employed,Not married - has children,"Age,Gender,Education Level,Employment Status,Household Information,Race",Applicant 3,2,1 - Absolutely Not Admit,18-19,Female,Hispanic/Latino/Spanish Origin,College graduate,Employed,Not married - has children,20-29,Male,White,Graduate or professional degree,Employed,Not married - has children,"Employment Status,Race,Age,Education Level,Gender,Household Information",Applicant 5,6,4,20-29,Female,Black/African American,College graduate,Unemployed - seeking employment,Not married - has children,20-29,Male,White,Graduate or professional degree,Unemployed - seeking employment,Married - has children,"Gender,Education Level,Employment Status,Household Information,Age,Race",Applicant 7,6,2,18-19,Female,Black/African American,Some college,Unemployed - seeking employment,Married - has children,40+,Male,White,Graduate or professional degree,Unemployed - not seeking employment,Married - no children,"Household Information,Age,Gender,Employment Status,Race,Education Level",Applicant 10,4,2,40+,Male,White,Some college,Unemployed - not seeking employment,Not married - has children,40+,Male,White,College graduate,Unemployed - seeking employment,Lives alone,"Education Level,Gender,Employment Status,Race,Age,Household Information",27,Male,Democrat,895
2016-12-11 06:40:37,2016-12-11 06:43:33,IP Address,99.33.73.22,100,176,True,2016-12-11 06:43:35,R_2qrcbYJ1j0mXbw2,,,,,33.150695800781,-96.823600769043,anonymous,Applicant 1,6,2,30-39,Female,Hispanic/Latino/Spanish Origin,Some college,Unemployed - seeking employment,Lives alone,18-19,Male,Hispanic/Latino/Spanish Origin,College graduate,Unemployed - not seeking employment,Lives alone,"Race,Age,Gender,Education Level,Household Information,Employment Status",Applicant 3,2,6,20-29,Female,Hispanic/Latino/Spanish Origin,Some college,Unemployed - seeking employment,Married - has children,20-29,Female,Black/African American,Some college,Unemployed - not seeking employment,Married - has children,"Household Information,Employment Status,Education Level,Gender,Race,Age",Applicant 6,5,6,40+,Female,Hispanic/Latino/Spanish Origin,Some college,Unemployed - seeking employment,Married - no children,20-29,Male,White,College graduate,Unemployed - seeking employment,Not married - has children,"Gender,Education Level,Employment Status,Race,Household Information,Age",Applicant 7,4,1 - Absolutely Not Admit,30-39,Male,Hispanic/Latino/Spanish Origin,High school graduate,Unemployed - not seeking employment,Married - has children,40+,Female,White,Some college,Employed,Lives alone,"Age,Education Level,Race,Gender,Household Information,Employment Status",Applicant 10,3,5,18-19,Female,White,High school graduate,Unemployed - seeking employment,Not married - has children,40+,Female,White,High school graduate,Unemployed - seeking employment,Married - has children,"Race,Education Level,Household Information,Age,Employment Status,Gender",31,Male,Democrat,438
2016-12-11 07:21:23,2016-12-11 07:35:16,IP Address,108.198.193.127,100,833,True,2016-12-11 07:35:18,R_prReH7WqWxDvp4t,,,,,32.517105102539,-90.136703491211,anonymous,Applicant 1,6,2,40+,Female,Black/African American,Graduate or professional degree,Unemployed - not seeking employment,Married - has children,20-29,Female,Black/African American,Some college,Employed,Lives alone,"Race,Age,Education Level,Household Information,Gender,Employment Status",Applicant 4,4,6,18-19,Female,Hispanic/Latino/Spanish Origin,Some college,Unemployed - not seeking employment,Lives alone,40+,Male,Black/African American,Some college,Unemployed - seeking employment,Married - has children,"Household Information,Race,Gender,Employment Status,Age,Education Level",Applicant 6,5,6,30-39,Female,Hispanic/Latino/Spanish Origin,Some college,Employed,Lives alone,30-39,Male,Hispanic/Latino/Spanish Origin,College graduate,Unemployed - seeking employment,Lives alone,"Age,Education Level,Gender,Employment Status,Race,Household Information",Applicant 7,6,4,18-19,Male,White,Graduate or professional degree,Employed,Married - has children,18-19,Male,Hispanic/Latino/Spanish Origin,High school graduate,Unemployed - seeking employment,Married - no children,"Age,Gender,Education Level,Employment Status,Household Information,Race",Applicant 10,4,6,30-39,Male,Black/African American,Some college,Employed,Not married - has children,20-29,Male,White,Some college,Employed,Married - has children,"Race,Household Information,Employment Status,Education Level,Age,Gender",34,Female,Democrat,668
2016-12-11 08:26:25,2016-12-11 08:27:12,IP Address,47.152.251.26,100,47,True,2016-12-11 08:27:14,R_2CUH3oevRUG2vn6,,,,,34.070007324219,-117.13449859619,anonymous,Applicant 2,2,4,18-19,Female,White,High school graduate,Unemployed - not seeking employment,Lives alone,18-19,Female,Black/African American,Graduate or professional degree,Unemployed - not seeking employment,Not married - has children,"Race,Education Level,Age,Household Information,Employment Status,Gender",Applicant 4,5,2,18-19,Female,Hispanic/Latino/Spanish Origin,College graduate,Employed,Lives alone,30-39,Female,Black/African American,College graduate,Employed,Married - no children,"Race,Household Information,Age,Education Level,Employment Status,Gender",Applicant 5,4,3,18-19,Male,Hispanic/Latino/Spanish Origin,Some college,Employed,Married - no children,20-29,Male,Black/African American,Some college,Unemployed - not seeking employment,Lives alone,"Education Level,Gender,Employment Status,Race,Household Information,Age",Applicant 8,4,3,30-39,Male,Black/African American,Graduate or professional degree,Employed,Lives alone,20-29,Female,White,Some college,Unemployed - seeking employment,Lives alone,"Race,Household Information,Employment Status,Age,Gender,Education Level",Applicant 9,5,5,18-19,Female,Black/African American,College graduate,Unemployed - seeking employment,Not married - has children,18-19,Female,Hispanic/Latino/Spanish Origin,College graduate,Unemployed - not seeking employment,Married - no children,"Education Level,Gender,Employment Status,Race,Household Information,Age",25,Female,Republican,171
